quiz_id,question,answer,score,category_id
1,"""리신""의 궁 이름은?",용의 분노,1,7
2,"""아리""의 궁 이름은?",혼령 질주,1,7
3,"""말파이트""의 궁 이름은?",멈출 수 없는 힘,1,7
4,"""룰루""의 궁 이름은?",급성장,1,7
5,"""야스오""의 궁 이름은?",최후의 숨결,1,7
6,"""아지르""의 궁 이름은?",황제의 진영,1,7
7,"""크산테""의 궁 이름은?",총공세,1,7
8,"""아트록스""의 궁 이름은?",세계의 종결자,2,7
9,"""아칼리""의 궁 이른은?",무결처형,2,7
10,"""아크샨""의 궁 이름은?",인과응보,2,7
11,"""알리스타""의 궁 이름은?",꺾을 수 없는 의지,1,7
12,"""아무무""의 궁 이름은?",슬픈 미라의 저주,1,7
13,"""애니비아""의 궁 이름은?",얼음 폭풍,1,7
14,"""아펠리오스""의 궁 이름은?",월광포화,1,7
15,"""애쉬""의 궁 이름은?",마법의 수정화살,1,7
16,"""오로라""의 궁 이름은?",세계의 경계,2,7
17,"""바드""의 궁 이름은?",운명의 소용돌이,2,7
18,"""벨베스""의 궁 이름은?",끝없는 연회,2,7
19,"""블리츠크랭크""의 궁 이름은?",정전기장,1,7
20,"""브랜드""의 궁 이름은?",파멸의 불덩이,1,7
21,"""브라움""의 궁 이름은?",빙하 균열,1,7
22,"""브라이어""의 궁 이름은?",불가항력적 죽음,2,7
23,"""케이틀린""의 궁 이름은?",비장의 한 발,1,7
24,"""카밀""의 궁 이름은?",마법공학 최후통첩,2,7
25,"""카시오페아""의 궁 이름은?",석화의 응시,1,7
26,"""초가스""의 궁 이름은?",포식,1,7
27,"""코르키""의 궁 이름은?",미사일 폭격,1,7
28,"""다리우스""의 궁 이름은?",녹서스의 단두대,1,7
29,"""다이애나""의 궁 이름은?",달빛 낙하,1,7
30,"""문도 박사""의 궁 이름은?",최대 투여량,1,7
31,"""드레이븐""의 궁 이름은?",죽음의 소용돌이,2,7
32,"""에코""의 궁 이름은?",시공간 붕괴,1,7
33,"""이블린""의 궁 이름은?",최후의 포옹,2,7
34,"""이즈리얼""의 궁 이름은?",정조준 일격,1,7
35,"""피들스틱""의 궁 이름은?",까마귀 폭풍,1,7
36,"""피오라""의 궁 이름은?",대결투,1,7
37,"""피즈""의 궁 이름은?",미끼 뿌리기,1,7
38,"""갈리오""의 궁 이름은?",영웅출현,2,7
39,"""갱플랭크""의 궁 이름은?",포탄 세례,1,7
40,"""가렌""의 궁 이름은?",데마시아의 정의,1,7
41,"""나르""의 궁 이름은?",나르,1,7
42,"""그라가스""의 궁 이름은?",술통 폭발,1,7
43,"""그레이브즈""의 궁 이름은?",무고한 희생자,2,7
44,"""그웬""의 궁 이름은?",바느질,1,7
45,"""헤카림""의 궁 이름은?",그림자의 맹습,2,7
46,"""하이머딩거""의 궁 이름은?",업그레이드,1,7
47,"""일라오이""의 궁 이름은?",믿음의 도약,2,7
48,"""이렐리아""의 궁 이름은?",선봉진격검,2,7
49,"""아이번""의 궁 이름은?",데이지,1,7
50,"""잔나""의 궁 이름은?",계절풍,2,7
51,"""자르반 4세""의 궁 이름은?",대격변,1,7
52,"""잭스""의 궁 이름은?",무기의 달인,2,7
53,"""진""의 궁 이름은?",커튼 콜,1,7
54,"""징크스""의 궁 이름은?",초강력 초토화 로켓,1,7
55,"""카이사""의 궁 이름은?",사냥본능,2,7
56,"""칼리스타""의 궁 이름은?",운명의 부름,2,7
57,"""카르마""의 궁 이름은?",만트라,1,7
58,"""케일""의 궁 이름은?",신성한 심판,1,7
59,"""카사딘""의 궁 이름은?",균열 이동,1,7
60,"""카타리나""의 궁 이름은?",죽음의 연꽃,1,7
61,"""케인""의 궁 이름은?",그림자의 지배,1,7
62,"""케넨""의 궁 이름은?",날카로운 소용돌이,2,7
63,"""카직스""의 궁 이름은?",공허의 습격,2,7
64,"""킨드레드""의 궁 이름은?",양의 안식처,1,7
65,"""클레드""의 궁 이름은?",돌겨어어억,1,7
66,"""코그모""의 궁 이름은?",살아있는 곡사포,2,7
67,"""르블랑""의 궁 이름은?",모방,1,7
68,"""레오나""의 궁 이름은?",흑점 폭발,1,7
69,"""릴리야""의 궁 이름은?",감미로운 자장가,1,7
70,"""리산드라""의 궁 이름은?",얼음 무덤,1,7
71,"""루시안""의 궁 이름은?",빛의 심판,2,7
72,"""럭스""의 궁 이름은?",최후의 섬광,1,7
73,"""말자하""의 궁 이름은?",황천의 손아귀,2,7
74,"""마오카이""의 궁 이름은?",대자연의 마수,2,7
75,"""마스터 이""의 궁 이름은?",최후의 전사,2,7
76,"""밀리오""의 궁 이름은?",생명의 온기,2,7
77,"""미스포츈""의 궁 이름은?",쌍권총 난사,1,7
78,"""모데카이저""의 궁 이름은?",죽음의 세계,2,7
79,"""모르가나""의 궁 이름은?",영혼의 족쇄,2,7
80,"""나피리""의 궁 이름은?",사냥개의 추적,1,7
81,"""나미""의 궁 이름은?",해일,1,7
82,"""나서스""의 궁 이름은?",사막의 분노,1,7
83,"""노틸러스""의 궁 이름은?",폭뢰,1,7
84,"""니코""의 궁 이름은?",만개,2,7
85,"""니달리""의 궁 이름은?",쿠거의 상,1,7
86,"""닐라""의 궁 이름은?",환희,2,7
87,"""녹턴""의 궁 이름은?",피해망상,2,7
88,"""누누와 윌럼프""의 궁 이름은?",절대 영도,1,7
89,"""올라프""의 궁 이름은?",라그나로크,2,7
90,"""오리아나""의 궁 이름은?",충격파,2,7
91,"""오른""의 궁 이름은?",대장장이 신의 부름,1,7
92,"""판테온""의 궁 이름은?",거대 유성,2,7
93,"""뽀삐""의 궁 이름은?",수호자의 심판,2,7
94,"""파이크""의 궁 이름은?",깊은 바다의 처형,1,7
95,"""키아나""의 궁 이름은?",여왕의 진가,2,7
96,"""퀸""의 궁 이름은?",후방 지원,2,7
97,"""라칸""의 궁 이름은?",매혹의 질주,2,7
98,"""람머스""의 궁 이름은?",지진 폭격,2,7
99,"""렉사이""의 궁 이름은?",공허의 돌진,2,7
100,"""렐""의 궁 이름은?",자기 폭풍,2,7
101,"""레나타 글라스크""의 궁 이름은?",적대적 인수,2,7
102,"""레넥톤""의 궁 이름은?",강신,2,7
103,"""렝가""의 궁 이름은?",사냥의 전율,1,7
104,"""리븐""의 궁 이름은?",추방자의 검,2,7
105,"""럼블""의 궁 이름은?",이퀄라이저 미사일,1,7
106,"""라이즈""의 궁 이름은?",공간왜곡,1,7
107,"""사미라""의 궁 이름은?",지옥불 난사,1,7
108,"""세주아니""의 궁 이름은?",빙하 감옥,1,7
109,"""세나""의 궁 이름은?",여명의 그림자,2,7
110,"""세라핀""의 궁 이름은?",앙코르,1,7
111,"""세트""의 궁 이름은?",대미 장식,2,7
112,"""샤코""의 궁 이름은?",환각,1,7
113,"""쉔""의 궁 이름은?",단결된 의지,2,7
114,"""쉬바나""의 궁 이름은?",용의 강림,1,7
115,"""신지드""의 궁 이름은?",광기의 물약,2,7
116,"""사이온""의 궁 이름은?",멈출 수 없는 맹공,2,7
117,"""시비르""의 궁 이름은?",사냥 개시,2,7
118,"""스카너""의 궁 이름은?",꿰뚫기,2,7
119,"""스몰더""의 궁 이름은?",엄마아아아아,2,7
120,"""소나""의 궁 이름은?",크레센도,1,7
121,"""소라카""의 궁 이름은?",기원,1,7
122,"""스웨인""의 궁 이름은?",악의 승천,2,7
123,"""사일러스""의 궁 이름은?",강탈,1,7
124,"""신드라""의 궁 이름은?",풀려난 힘,2,7
125,"""탐 켄치""의 궁 이름은?",집어삼키기,1,7
126,"""탈리야""의 궁 이름은?",바위술사의 벽,1,7
127,"""탈론""의 궁 이름은?",그림자 공격,2,7
128,"""타릭""의 궁 이름은?",우주의 광휘,2,7
129,"""티모""의 궁 이름은?",유독성 함정,1,7
130,"""쓰레쉬"" 의 궁 이름은?",영혼 감옥,1,7
131,"""트리스타나""의 궁 이름은?",대구경 탄환,1,7
132,"""트런들""의 궁 이름은?",진압,2,7
133,"""트린다미어""의 궁 이름은?",불사의 분노,1,7
134,"""트위스티드 페이트""의 궁 이름은?",운명,2,7
135,"""트위치""의 궁 이름은?",무차별 난사,1,7
136,"""우디르""의 궁 이름은?",날개 돋친 폭풍,2,7
137,"""우르곳""의 궁 이름은?",불사의 공포,2,7
138,"""바루스""의 궁 이름은?",부패의 사슬,2,7
139,"""베인""의 궁 이름은?",결전의 시간,2,7
140,"""베이가""의 궁 이름은?",태초의 폭발,1,7
141,"""벨코즈""의 궁 이름은?",생물 분해 광선,1,7
142,"""벡스""의 궁 이름은?",그림자 파동,2,7
143,"""바이""의 궁 이름은?",정지 명령,1,7
144,"""비에고""의 궁 이름은?",심장 파괴자,1,7
145,"""빅토르""의 궁 이름은?",아케인 폭풍,1,7
146,"""블라디미르""의 궁 이름은?",혈사병,1,7
147,"""볼리베어""의 궁 이름은?",폭풍을 부르는 자,2,7
148,"""워윅""의 궁 이름은?",무한의 구속,2,7
149,"""오공""의 궁 이름은?",회전격,2,7
150,"""자야""의 궁 이름은?",저항의 비상,2,7
151,"""제라스""의 궁 이름은?",비전 의식,2,7
152,"""신짜오""의 궁 이름은?",현월수호,2,7
153,"""요네""의 궁 이름은?",운명봉인,1,7
154,"""요릭""의 궁 이름은?",군도의 장송곡,2,7
155,"""유미""의 궁 이름은?",대단원,2,7
156,"""자크""의 궁 이름은?",바운스,1,7
157,"""제리""의 궁 이름은?",번개 방출,1,7
158,"""직스""의 궁 이름은?",지옥 화염 폭탄,1,7
159,"""질리언""의 궁 이름은?",시간 역행,1,7
160,"""조이""의 궁 이름은?",차원 넘기,1,7
161,"""자이라""의 궁 이름은?",올가미 덩굴,1,7
162,"""흐웨이""의 궁 이름은?",붓 헹구기,1,7
163,"""암베사""의 궁 이름은?",공개처형,2,7
164,"""멜""의 궁 이름은?",황금 일식,1,7
165,"""유나라""의 궁 이름은?",자기 초월,1,7
166,"""카서스""의 궁 이름은 ?",진혼곡,1,7
167,스타크래프트에서 가장 저렴한 공격 유닛은?,저글링,1,5
168,"테란 종족의 공중 유닛으로, 기생충을 부착하여 폭발시키는 기술을 사용하는 유닛은?",사이언스 베슬,2,4
169,프로토스 종족의 기본 공격 유닛을 소환하는 데 필요한 건물은?,게이트웨이,1,5
170,"테란 종족의 영웅 유닛으로, 저그와의 전쟁에서 중요한 역할을 한 캐릭터는?",짐 레이너,2,4
171,스타크래프트1에서 저그의 최종 테크 건물은?,울트라리스크 동굴,1,5
172,"프로토스 종족의 가장 강력한 지상 유닛으로, 막대한 실드를 가진 유닛은?",아칸,2,4
173,"저그 종족의 유닛을 생산하는 건물로, 애벌레를 생성하는 건물은?",해처리,1,5
174,테란 종족의 가장 기본적인 지상 공격 유닛은?,마린,1,4
175,"프로토스 종족의 유닛 중, 공중에 떠다니며 적을 감지하는 유닛은?",옵저버,1,4
176,"저그 종족의 영웅으로, 칼날 여왕으로 알려진 캐릭터는?",케리건,2,7
177,스타크래프트1에서 벙커에 들어갈 수 없는 유닛은?,벌처,2,4
178,"프로토스 종족의 방어 건물로, 지상과 공중을 모두 공격하는 건물은?",포톤 캐논,1,5
179,"프로토스 종족의 공중 유닛 중, '하늘의 왕자'라 불리는 유닛은?",스카웃,2,4
180,스타크래프트1에서 저그의 '히드라'가 변태할 수 있는 유닛은?,러커,1,4
181,"테란 종족의 유닛으로, 상대방의 유닛을 결박시키는 기술을 가진 유닛은?",고스트,1,4
182,"저그 종족의 유닛 중, 건물이나 유닛을 감염시키는 유닛은?",퀸,2,4
183,"프로토스 종족의 건물 중, 유닛의 실드와 에너지를 회복시켜주는 건물은?",실드 배터리,1,5
184,스타크래프트1에서 '제라툴'은 어떤 종족의 영웅인가?,프로토스,1,4
185,"프로토스 종족의 유닛 중, 상대방의 유닛을 스턴시키는 기술을 가진 유닛은?",다크 아칸,2,4
186,스타크래프트1에서 '마이너'가 파괴되는 건물은?,배럭,2,5
187,"테란 종족의 지상유닛 중, 공중유닛에 대한 공격력이 가장 높은 유닛은?",골리앗,1,4
188,"저그 종족의 유닛 중, 지상과 공중 모두 공격이 가능한 공중 유닛은?",뮤탈리스크,1,4
189,"프로토스 종족의 지상유닛 중, 지상과 공중 모두 공격이 가능한 유닛은?",드라군,1,4
190,"저그 종족의 유닛 중, 땅굴을 파서 이동하는 기술을 가진 유닛은?",러커,2,4
191,스타크래프트1에서 '저그의 최종 병기'로 알려진 유닛은?,울트라리스크,1,4
192,"테란 종족의 건물 중, 고스트를 생산할 수 있는 건물은?",배럭,1,5
193,"저그 종족의 건물 중, 저글링을 생산할 수 있게 해주는 건물은?",스포닝 풀,1,5
194,스타크래프트1에서 '테란의 최종 병기'로 알려진 유닛은?,배틀크루저,1,4
195,"테란 종족의 유닛 중, 체력이 가장 낮은 유닛은?",고스트,1,4
196,"프로토스 종족의 공중유닛 중, 공중만 공격 가능한 유닛은?",커세어,1,4
197,스타크래프트1에서 '프로토스의 최종 병기'로 알려진 유닛은?,캐리어,1,4
198,"프로토스 종족의 지상유닛 중, 지상과 공중 모두 공격이 가능한 유닛은?",아콘,1,4
199,스타크래프트1에서 '벌처'가 생산되는 건물은?,팩토리,1,5
200,"프로토스 종족의 건물 중, 지상유닛을 업그레이드 할 수 있는 건물은?",포지,1,5
201,스타크래프트1에서 '뮤탈리스크'가 생산을 가능하게 하는 건물은?,스파이어,1,5
202,"테란 종족의 유닛 중, 지상 유닛에 대한 공격력이 가장 높은 유닛은?",시즈 탱크,1,4
203,"프로토스 종족의 유닛 중, 공중 유닛에 대한 공격력이 가장 높은 유닛은?",스카웃,2,4
204,스타크래프트1에서 '드라군'이 생산되는 건물은?,게이트웨이,1,5
205,"저그 종족의 유닛 중, 적에게 폭발하여 데미지를 입히는 유닛은?",자폭테란병,1,4
206,스타크래프트1에서 '디파일러'가 생산되는 건물은?,디파일러 마운드,2,5
207,"테란 종족의 유닛 중, 공중 유닛에 대한 공격력이 가장 높은 유닛은?",배틀크루저,1,4
208,스타크래프트1에서 '하이템플러' 생산이 가능해지는 건물은?,템플러 아카이브,2,5
209,"테란 종족의 지상유닛 중, 이동속도가 가장 빠른 유닛은?",벌처,1,4
210,"프로토스 종족의 건물 중, 유닛의 실드와 에너지를 회복시켜주는 건물은?",포지,1,5
211,"저그 종족의 건물 중, 유닛을 생산하는 건물은?",하이브,1,5
212,스타크래프트1에서 '퀸'이 생산되는 건물은?,퀸즈 네스트,2,5
213,"테란 종족의 유닛 중, 체력이 가장 높은 유닛은?",배틀크루저,1,4
214,"프로토스 종족의 유닛 중, 공중 유닛에 대한 공격력이 가장 높은 유닛은?",아비터,2,4
215,스타크래프트1에서 '스카웃'이 생산되는 건물은?,스타게이트,1,5
216,2000년 프리챌배 온게임넷 스타리그 우승자는 ?,김동수,2,6
217,2001년 한빛소프트배 온게임넷 스타리그 우승자는 ?,임요환,2,6
218,2002년 코카콜라배 온게임넷 스타리그 우승자는 ?,홍진호,2,6
219,2003년 하나로통신배 투니버스 스타리그 우승자는 ?,박정석,2,6
220,2004년 질레트 스타리그 우승자는 ?,박성준,2,6
221,2005년 당신은 골프왕 MSL 우승자는 ?,최연성,2,6
222,2006년 신한은행 스타리그 시즌2 우승자는 ?,이윤열,2,6
223,2007년 다음 스타리그 우승자는 ?,김택용,2,6
224,2008년 EVER 스타리그 우승자는 ?,박찬수,2,6
225,2009년 Batoo 스타리그 우승자는 ?,이제동,2,6
226,2010년 대한항공 스타리그 시즌1 우승자는 ?,김구현,2,6
227,2011년 진에어 스타리그 우승자는 ?,허영무,2,6
228,2012년 GSL Season 1 우승자는 ?,박수호(Squirtle),2,6
229,2013년 GSL Season 1 우승자는 ?,김민철(Soulkey),2,6
230,2014년 GSL Season 2 우승자는 ?,김유진(sOs),2,6
231,2015년 GSL Season 3 우승자는 ?,전태양(TY),2,6
232,2016년 스타리그 시즌1 우승자는 ?,조성주(Maru),2,6
233,2017년 ASL 시즌2 우승자는 ?,이영호(Flash),2,6
234,2018년 KSL 시즌1 우승자는 ?,이영한(Shine),2,6
235,2019년 GSL Code S Season 2 우승자는 ?,박령우(Dark),2,6
236,2020년 GSL Super Tournament 시즌1 우승자는 ?,김도욱(Cure),2,6
237,2021년 GSL Super Tournament 시즌2 우승자는 ?,신희범(Zoun),2,6
238,2022년 GSL Season 2 우승자는 ?,김준호(herO),2,6
239,2023년 GSL Season 1 우승자는 ?,변현우(ByuN),2,6
240,2004년 MSL 우승자 중 '마재윤' 선수의 별명은?,괴물,2,6
241,2005년 WCG 우승자는 ?,이병렬,2,6
242,'황제'라고 불리던 스타크래프트 프로게이머는 ?,임요환,1,6
243,'천재'라고 불리던 스타크래프트 프로게이머는 ?,김택용,1,6
244,'최종병기'라고 불리던 스타크래프트 프로게이머는 ?,이영호,1,6
245,'폭군'이라고 불리던 스타크래프트 프로게이머는 ?,이제동,1,6
246,'투신'이라고 불리던 스타크래프트 프로게이머는 ?,박성준,1,6
247,'혁명가'라고 불리던 스타크래프트 프로게이머는 ?,김택용,1,6
248,Erangel 맵의 주된 지형은 무엇인가?,섬/혼합 지형,1,1
249,Erangel은(는) 어떤 유형의 맵으로 알려져 있는가?,섬/혼합 지형,1,1
250,Miramar 맵의 주된 지형은 무엇인가?,사막,1,1
251,Miramar은(는) 어떤 유형의 맵으로 알려져 있는가?,사막,1,1
252,Sanhok 맵의 주된 지형은 무엇인가?,정글/우림,1,1
253,Sanhok은(는) 어떤 유형의 맵으로 알려져 있는가?,정글/우림,1,1
254,Vikendi 맵의 주된 지형은 무엇인가?,설원/눈,1,1
255,Vikendi은(는) 어떤 유형의 맵으로 알려져 있는가?,설원/눈,1,1
256,Karakin 맵의 주된 지형은 무엇인가?,작은 전술 맵(파괴 가능한 구조 포함),1,1
257,Karakin은(는) 어떤 유형의 맵으로 알려져 있는가?,작은 전술 맵(파괴 가능한 구조 포함),1,1
258,Paramo 맵의 주된 지형은 무엇인가?,역동적 지형(불안정 지형),1,1
259,Paramo은(는) 어떤 유형의 맵으로 알려져 있는가?,역동적 지형(불안정 지형),1,1
260,Haven 맵의 주된 지형은 무엇인가?,작고 폐쇄된 도시형 맵(근접전),1,1
261,Haven은(는) 어떤 유형의 맵으로 알려져 있는가?,작고 폐쇄된 도시형 맵(근접전),1,1
262,Taego 맵의 주된 지형은 무엇인가?,한국풍 대형 맵,1,1
263,Taego은(는) 어떤 유형의 맵으로 알려져 있는가?,한국풍 대형 맵,1,1
264,M416은(는) 어떤 종류의 무기인가?,돌격소총,1,1
265,M416의 전형적인 전투 역할은 무엇인가?,중거리 전투,2,1
266,AKM은(는) 어떤 종류의 무기인가?,돌격소총,1,1
267,AKM의 전형적인 전투 역할은 무엇인가?,중거리 전투,2,1
268,SCAR-L은(는) 어떤 종류의 무기인가?,돌격소총,1,1
269,SCAR-L의 전형적인 전투 역할은 무엇인가?,중거리 전투,2,1
270,Beryl M762은(는) 어떤 종류의 무기인가?,돌격소총,1,1
271,Beryl M762의 전형적인 전투 역할은 무엇인가?,중거리 전투,2,1
272,Groza은(는) 어떤 종류의 무기인가?,돌격소총(보급 전용으로 등장하는 경우가 있음),1,1
273,Groza의 전형적인 전투 역할은 무엇인가?,중거리 전투,2,1
274,Kar98k은(는) 어떤 종류의 무기인가?,저격소총(볼트액션),1,1
275,Kar98k의 전형적인 전투 역할은 무엇인가?,중거리~장거리 전투,2,1
276,M24은(는) 어떤 종류의 무기인가?,저격소총(볼트액션),1,1
277,M24의 전형적인 전투 역할은 무엇인가?,중거리~장거리 전투,2,1
278,AWM은(는) 어떤 종류의 무기인가?,"저격소총(보급 전용, 최상위)",1,1
279,AWM의 전형적인 전투 역할은 무엇인가?,중거리~장거리 전투,2,1
280,Mini14은(는) 어떤 종류의 무기인가?,지정사수소총,1,1
281,Mini14의 전형적인 전투 역할은 무엇인가?,중거리~장거리 전투,2,1
282,SKS은(는) 어떤 종류의 무기인가?,지정사수소총,1,1
283,SKS의 전형적인 전투 역할은 무엇인가?,중거리~장거리 전투,2,1
284,SLR은(는) 어떤 종류의 무기인가?,지정사수소총,1,1
285,SLR의 전형적인 전투 역할은 무엇인가?,중거리~장거리 전투,2,1
286,MK14은(는) 어떤 종류의 무기인가?,다목적(자동/반자동 가능),1,1
287,MK14의 전형적인 전투 역할은 무엇인가?,근접 전투,2,1
288,UMP45은(는) 어떤 종류의 무기인가?,기관단총,1,1
289,UMP45의 전형적인 전투 역할은 무엇인가?,근접 전투,2,1
290,Vector은(는) 어떤 종류의 무기인가?,기관단총,1,1
291,Vector의 전형적인 전투 역할은 무엇인가?,근접 전투,2,1
292,Micro Uzi은(는) 어떤 종류의 무기인가?,기관단총,1,1
293,Micro Uzi의 전형적인 전투 역할은 무엇인가?,근접 전투,2,1
294,DP-28은(는) 어떤 종류의 무기인가?,경기관총,1,1
295,DP-28의 전형적인 전투 역할은 무엇인가?,근접 전투,2,1
296,M249은(는) 어떤 종류의 무기인가?,경기관총,1,1
297,M249의 전형적인 전투 역할은 무엇인가?,근접 전투,2,1
298,VSS은(는) 어떤 종류의 무기인가?,저소음 저격총(소음기 내장형),1,1
299,VSS의 전형적인 전투 역할은 무엇인가?,중거리~장거리 전투,2,1
300,S1897은(는) 어떤 종류의 무기인가?,산탄총,1,1
301,S1897의 전형적인 전투 역할은 무엇인가?,근접 전투,2,1
302,S686은(는) 어떤 종류의 무기인가?,산탄총(더블 배럴),1,1
303,S686의 전형적인 전투 역할은 무엇인가?,근접 전투,2,1
304,게임에서 Medkit의 주요 용도는 무엇인가?,체력을 100% 회복,1,1
305,게임에서 Bandage의 주요 용도는 무엇인가?,소량 체력 회복,1,1
306,게임에서 Energy Drink의 주요 용도는 무엇인가?,부스트 게이지 증가,1,1
307,게임에서 Painkiller의 주요 용도는 무엇인가?,부스트 게이지 및 회복 보조,1,1
308,게임에서 Adrenaline Syringe의 주요 용도는 무엇인가?,부스트 최대치 충전(특수 상황),1,1
309,게임에서 Smoke Grenade의 주요 용도는 무엇인가?,엄폐 및 시야 차단,1,1
310,게임에서 Frag Grenade의 주요 용도는 무엇인가?,파편 피해 유발,1,1
311,게임에서 Stun Grenade의 주요 용도는 무엇인가?,혼란/섬광 유발,1,1
312,게임에서 Molotov의 주요 용도는 무엇인가?,화염으로 지역 통제(맵에 따라 사용),1,1
313,게임에서 Flare Gun의 주요 용도는 무엇인가?,특수 보급 호출(플레어건),1,1
314,UAZ의 일반적인 탑승 인원은 몇 명인가?,4,1,1
315,UAZ는 주로 어떤 상황에서 유용한가?,이동 및 탈출/팀 이동,1,1
316,Dacia의 일반적인 탑승 인원은 몇 명인가?,4,1,1
317,Dacia는 주로 어떤 상황에서 유용한가?,이동 및 탈출/팀 이동,1,1
318,Buggy의 일반적인 탑승 인원은 몇 명인가?,2,1,1
319,Buggy는 주로 어떤 상황에서 유용한가?,이동 및 탈출/팀 이동,1,1
320,Motorbike의 일반적인 탑승 인원은 몇 명인가?,2,1,1
321,Motorbike는 주로 어떤 상황에서 유용한가?,이동 및 탈출/팀 이동,1,1
322,Boat의 일반적인 탑승 인원은 몇 명인가?,4,1,1
323,Boat는 주로 어떤 상황에서 유용한가?,이동 및 탈출/팀 이동,1,1
324,Mirado의 일반적인 탑승 인원은 몇 명인가?,4,1,1
325,Mirado는 주로 어떤 상황에서 유용한가?,이동 및 탈출/팀 이동,1,1
326,블루존(Blue Zone)의 주요 목적은 무엇인가?,플레이 구역을 축소시켜 전투를 유도,2,1
327,레드존(Red Zone)에 들어가면 어떤 위험이 있는가?,폭격으로 인한 피해,1,1
328,M416은(는) 어떤 종류의 무기인가?,Assault Rifle,2,2
329,AKM은(는) 어떤 종류의 무기인가?,Assault Rifle,2,2
330,SCAR-L은(는) 어떤 종류의 무기인가?,Assault Rifle,2,2
331,Beryl M762은(는) 어떤 종류의 무기인가?,Assault Rifle,2,2
332,Groza은(는) 어떤 종류의 무기인가?,Assault Rifle(보급 전용으로 등장하는 경우가 있음),2,2
333,Kar98k은(는) 어떤 종류의 무기인가?,Sniper Rifle(bolt action),2,2
334,M24은(는) 어떤 종류의 무기인가?,Sniper Rifle(볼트액션),2,2
335,AWM은(는) 어떤 종류의 무기인가?,Sniper Rifle(보급 전용),2,2
336,Mini14은(는) 어떤 종류의 무기인가?,Designated Marksman Rifle(DMR),2,2
337,SKS은(는) 어떤 종류의 무기인가?,Designated Marksman Rifle(DMR),2,2
338,SLR은(는) 어떤 종류의 무기인가?,Designated Marksman Rifle(DMR),2,2
339,MK14은(는) 어떤 종류의 무기인가?,Designated Marksman Rifle(자동/반자동 가능),2,2
340,UMP45은(는) 어떤 종류의 무기인가?,Sub-Machine Gun(SMG),2,2
341,Vector은(는) 어떤 종류의 무기인가?,Sub-Machine Gun(SMG),2,2
342,Micro Uzi은(는) 어떤 종류의 무기인가?,Sub-Machine Gun(SMG),2,2
343,DP-28은(는) 어떤 종류의 무기인가?,Light Machine Gun(LMG),2,2
344,M416의 기본 장탄수는 몇 발인가?,30,1,3
345,AKM의 기본 장탄수는 몇 발인가?,30,1,3
346,SCAR-L의 기본 장탄수는 몇 발인가?,30,1,3
347,Beryl M762의 기본 장탄수는 몇 발인가?,30,1,3
348,Groza의 기본 장탄수는 몇 발인가?,30,1,3
349,Mini14의 기본 장탄수는 몇 발인가?,20,1,3
350,SKS의 기본 장탄수는 몇 발인가?,10,1,3
351,SLR의 기본 장탄수는 몇 발인가?,10,1,3
352,MK14의 기본 장탄수는 몇 발인가?,10,1,3
353,Kar98k의 기본 장탄수는 몇 발인가?,5,1,3
354,M24의 기본 장탄수는 몇 발인가?,5,1,3
355,AWM의 기본 장탄수는 몇 발인가?,5,1,3
356,DP-28의 기본 장탄수는 몇 발인가?,47,1,3
357,M249의 기본 장탄수는 몇 발인가?,100,1,3
358,Vector의 기본 장탄수는 몇 발인가?,13,1,3
359,Micro Uzi의 기본 장탄수는 몇 발인가?,25,1,3
360,UMP45의 기본 장탄수는 몇 발인가?,25,1,3
361,VSS의 기본 장탄수는 몇 발인가?,10,1,3
362,S1897의 기본 장탄수는 몇 발인가?,5,1,3
363,S686의 기본 장탄수는 몇 발인가?,2,1,3
364,SCAR-H의 기본 장탄수는 몇 발인가?,30,1,3
365,QBZ의 기본 장탄수는 몇 발인가?,30,1,3
366,FAMAS의 기본 장탄수는 몇 발인가?,30,1,3
367,G36C의 기본 장탄수는 몇 발인가?,30,1,3
368,AUG의 기본 장탄수는 몇 발인가?,30,1,3
369,Tommy Gun의 기본 장탄수는 몇 발인가?,50,1,3
370,P90의 기본 장탄수는 몇 발인가?,50,1,3
371,R1895의 기본 장탄수는 몇 발인가?,6,1,3
372,Revolver의 기본 장탄수는 몇 발인가?,5,1,3
373,Win94의 기본 장탄수는 몇 발인가?,2,1,3
374,Mk47의 기본 장탄수는 몇 발인가?,30,1,3
375,QBU의 기본 장탄수는 몇 발인가?,20,1,3
376,SKS2의 기본 장탄수는 몇 발인가?,10,1,3
377,SLR2의 기본 장탄수는 몇 발인가?,10,1,3
378,Mini14_2의 기본 장탄수는 몇 발인가?,20,1,3
379,표준 매치의 최대 플레이어 수는 몇 명인가?,100,1,3
380,스쿼드 모드의 최대 팀 인원은 몇 명인가?,4,1,3
381,듀오 모드의 팀 인원은 몇 명인가?,2,1,3
382,솔로 모드에서 한 플레이어는 몇 명인가?,1,1,3
383,UAZ의 일반적 탑승 인원은 몇 명인가?,4,1,3
384,Dacia의 일반적 탑승 인원은 몇 명인가?,4,1,3
385,Buggy의 일반적 탑승 인원은 몇 명인가?,2,1,3
386,Motorbike의 일반적 탑승 인원은 몇 명인가?,2,1,3
387,Boat의 일반적 탑승 인원은 몇 명인가?,4,1,3
388,Mirado의 일반적 탑승 인원은 몇 명인가?,4,1,3
389,메디킷으로 회복 가능한 최대 체력은 몇 퍼센트인가?,100,1,3
390,밴디지(Bandage)가 한 번에 회복하는 체력 수치는 몇인가 (예: 10)?,10,1,3
391,"게임에서 흔히 사용되는 스코프 배율의 수(예: 2x,3x,4x,6x,8x)는 몇 종류인가?",5,1,3
392,"일반적인 무기 부착물 카테고리 수는 몇 개인가? (예: 총구, 탄창, 손잡이 등)",5,1,3
393,"수류탄 종류(Frag, Smoke, Stun, Molotov)는 총 몇 종류인가?",4,1,3
394,M416의 표준 장탄수는 몇 발인가? (변형 #1),30,1,3
395,AKM의 표준 장탄수는 몇 발인가? (변형 #2),30,1,3
396,SCAR-L의 표준 장탄수는 몇 발인가? (변형 #3),30,1,3
397,Beryl M762의 표준 장탄수는 몇 발인가? (변형 #4),30,1,3
398,Groza의 표준 장탄수는 몇 발인가? (변형 #5),30,1,3
399,Mini14의 표준 장탄수는 몇 발인가? (변형 #6),20,1,3
400,SKS의 표준 장탄수는 몇 발인가? (변형 #7),10,1,3
401,SLR의 표준 장탄수는 몇 발인가? (변형 #8),10,1,3
402,MK14의 표준 장탄수는 몇 발인가? (변형 #9),10,1,3
403,Kar98k의 표준 장탄수는 몇 발인가? (변형 #10),5,1,3
404,M24의 표준 장탄수는 몇 발인가? (변형 #11),5,1,3
405,AWM의 표준 장탄수는 몇 발인가? (변형 #12),5,1,3
406,DP-28의 표준 장탄수는 몇 발인가? (변형 #13),47,1,3
407,M249의 표준 장탄수는 몇 발인가? (변형 #14),100,1,3
408,Vector의 표준 장탄수는 몇 발인가? (변형 #15),13,1,3
409,Micro Uzi의 표준 장탄수는 몇 발인가? (변형 #16),25,1,3
410,UMP45의 표준 장탄수는 몇 발인가? (변형 #17),25,1,3
411,VSS의 표준 장탄수는 몇 발인가? (변형 #18),10,1,3
412,S1897의 표준 장탄수는 몇 발인가? (변형 #19),5,1,3
413,S686의 표준 장탄수는 몇 발인가? (변형 #20),2,1,3
414,SCAR-H의 표준 장탄수는 몇 발인가? (변형 #21),30,1,3
415,QBZ의 표준 장탄수는 몇 발인가? (변형 #22),30,1,3
416,FAMAS의 표준 장탄수는 몇 발인가? (변형 #23),30,1,3
417,G36C의 표준 장탄수는 몇 발인가? (변형 #24),30,1,3
418,AUG의 표준 장탄수는 몇 발인가? (변형 #25),30,1,3
419,Tommy Gun의 표준 장탄수는 몇 발인가? (변형 #26),50,1,3
420,P90의 표준 장탄수는 몇 발인가? (변형 #27),50,1,3
421,R1895의 표준 장탄수는 몇 발인가? (변형 #28),6,1,3
422,Revolver의 표준 장탄수는 몇 발인가? (변형 #29),5,1,3
423,Win94의 표준 장탄수는 몇 발인가? (변형 #30),2,1,3
424,히어로의 주요 무기는 무엇인가요?,제네시스 한손검/두손검/도끼,1,8
425,히어로의 보조 무기는 무엇인가요?,버츄스 메달,2,8
426,팔라딘의 주요 무기는 무엇인가요?,제네시스 한손검/두손검/둔기,1,8
427,팔라딘의 보조 무기는 무엇인가요?,세이크리드 로자리오,2,8
428,다크나이트의 주요 무기는 무엇인가요?,제네시스 창/폴암,1,8
429,다크나이트의 보조 무기는 무엇인가요?,버서크 체인,2,8
430,보우마스터의 주요 무기는 무엇인가요?,제네시스 보우,1,8
431,보우마스터의 보조 무기는 무엇인가요?,블라스트 페더,2,8
432,신궁의 주요 무기는 무엇인가요?,제네시스 크로스보우,1,8
433,신궁의 보조 무기는 무엇인가요?,전발적중,2,8
434,패스파인더의 주요 무기는 무엇인가요?,제네시스 에인션트 보우,1,8
435,패스파인더의 보조 무기는 무엇인가요?,퍼펙트 렐릭,2,8
436,비숍의 주요 무기는 무엇인가요?,제네시스 스태프/완드,1,8
437,비숍의 보조 무기는 무엇인가요?,백금의 서,2,8
438,"아크메이지(불,독)의 주요 무기는 무엇인가요?",제네시스 스태프/완드,1,8
439,"아크메이지(불,독)의 보조 무기는 무엇인가요?",적녹의 서,2,8
440,"아크메이지(썬,콜)의 주요 무기는 무엇인가요?",제네시스 스태프/완드,1,8
441,"아크메이지(썬,콜)의 보조 무기는 무엇인가요?",청은의 서,2,8
442,나이트로드의 주요 무기는 무엇인가요?,제네시스 가즈,1,8
443,나이트로드의 보조 무기는 무엇인가요?,파사부,2,8
444,섀도어의 주요 무기는 무엇인가요?,제네시스 대거,1,8
445,섀도어의 보조 무기는 무엇인가요?,슬래싱 섀도우,2,8
446,듀얼블레이드의 주요 무기는 무엇인가요?,제네시스 대거,1,8
447,듀얼블레이드의 보조 무기는 무엇인가요?,아케인셰이드 블레이드,2,8
448,바이퍼의 주요 무기는 무엇인가요?,제네시스 클로,1,8
449,바이퍼의 보조 무기는 무엇인가요?,리스트 아머,2,8
450,캡틴의 주요 무기는 무엇인가요?,제네시스 피스톨,1,8
451,캡틴의 보조 무기는 무엇인가요?,팔콘아이,2,8
452,캐논슈터의 주요 무기는 무엇인가요?,제네시스 시즈건,1,8
453,캐논슈터의 보조 무기는 무엇인가요?,봄버드 센터파이어,2,8
454,소울마스터의 주요 무기는 무엇인가요?,제네시스 한손검/두손검,1,8
455,소울마스터의 보조 무기는 무엇인가요?,에레브의 광휘,2,8
456,윈드브레이커의 주요 무기는 무엇인가요?,제네시스 보우,1,8
457,윈드브레이커의 보조 무기는 무엇인가요?,에레브의 광휘,2,8
458,플레임위자드의 주요 무기는 무엇인가요?,제네시스 스태프/완드,1,8
459,플레임위자드의 보조 무기는 무엇인가요?,에레브의 광휘,2,8
460,나이트워커의 주요 무기는 무엇인가요?,제네시스 아대,1,8
461,나이트워커의 보조 무기는 무엇인가요?,에레브의 광휘,2,8
462,스트라이커의 주요 무기는 무엇인가요?,제네시스 너클,1,8
463,스트라이커의 보조 무기는 무엇인가요?,에레브의 광휘,2,8
464,미하일의 주요 무기는 무엇인가요?,제네시스 한손검,1,8
465,미하일의 보조 무기는 무엇인가요?,정의의 소울실드,2,8
466,아란의 주요 무기는 무엇인가요?,제네시스 폴암,1,8
467,아란의 보조 무기는 무엇인가요?,천룡추,2,8
468,에반의 주요 무기는 무엇인가요?,제네시스 스태프/완드,1,8
469,에반의 보조 무기는 무엇인가요?,드래곤마스터의 유산,2,8
470,루미너스의 주요 무기는 무엇인가요?,제네시스 샤이닝로드,1,8
471,루미너스의 보조 무기는 무엇인가요?,카르마 오브,2,8
472,메르세데스의 주요 무기는 무엇인가요?,제네시스 듀얼 보우건,1,8
473,메르세데스의 보조 무기는 무엇인가요?,무한의 마법 화살,2,8
474,팬텀의 주요 무기는 무엇인가요?,제네시스 케인,1,8
475,팬텀의 보조 무기는 무엇인가요?,데르니에 카르트,2,8
476,은월의 주요 무기는 무엇인가요?,제네시스 소울슈터,1,8
477,은월의 보조 무기는 무엇인가요?,황금빛 여우구슬,2,8
478,제논의 주요 무기는 무엇인가요?,제네시스 에너지 소드,1,8
479,제논의 보조 무기는 무엇인가요?,옥타코어 컨트롤러,2,8
480,블래스터의 주요 무기는 무엇인가요?,제네시스 건틀렛 리볼버,1,8
481,블래스터의 보조 무기는 무엇인가요?,익스플로시브 필,2,8
482,데몬슬레이어의 주요 무기는 무엇인가요?,제네시스 한손 둔기,1,8
483,데몬슬레이어의 보조 무기는 무엇인가요?,루인 포스실드,2,8
484,데몬어벤져의 주요 무기는 무엇인가요?,제네시스 한손 둔기,1,8
485,데몬어벤져의 보조 무기는 무엇인가요?,루인 포스실드,2,8
486,카이저의 주요 무기는 무엇인가요?,제네시스 대검,1,8
487,카이저의 보조 무기는 무엇인가요?,진리의 노바의 정수,2,8
488,카데나의 주요 무기는 무엇인가요?,제네시스 체인,1,8
489,카데나의 보조 무기는 무엇인가요?,트랜스미터,2,8
490,엔젤릭버스터의 주요 무기는 무엇인가요?,제네시스 소울슈터,1,8
491,엔젤릭버스터의 보조 무기는 무엇인가요?,그린 소울링,2,8
492,아크의 주요 무기는 무엇인가요?,제네시스 클로,1,8
493,아크의 보조 무기는 무엇인가요?,얼티밋 패스,2,8
494,아델의 주요 무기는 무엇인가요?,제네시스 튜너,1,8
495,아델의 보조 무기는 무엇인가요?,노블 브레이슬릿,2,8
496,일리움의 주요 무기는 무엇인가요?,제네시스 매직 건틀렛,1,8
497,일리움의 보조 무기는 무엇인가요?,글로리 매직윙,2,8
498,칼리의 주요 무기는 무엇인가요?,제네시스 이클립스,1,8
499,칼리의 보조 무기는 무엇인가요?,인피니트 헥스시커,2,8
500,키네시스의 주요 무기는 무엇인가요?,제네시스 ESP 리미터,1,8
501,키네시스의 보조 무기는 무엇인가요?,체스피스 디 퀸,2,8
502,호영의 주요 무기는 무엇인가요?,제네시스 창세선,1,8
503,호영의 보조 무기는 무엇인가요?,월장석 선추,2,8
504,라라의 주요 무기는 무엇인가요?,제네시스 완드,1,8
505,라라의 보조 무기는 무엇인가요?,빛나는 사옥 노리개,2,8
506,배틀메이지의 주요 무기는 무엇인가요?,제네시스 스태프,1,8
507,베틀메이지의 보조 무기는 무엇인가요?,맥시마이즈 볼,2,8
508,와일드헌터의 주요 무기는 무엇인가요?,제네시스 크로스보우,1,8
509,와일드헌터의 보조 무기는 무엇인가요?,와일드 팡,2,8
510,메카닉의 주요 무기는 무엇인가요?,제네시스 피스톨,1,8
511,메카닉의 보조 무기는 무엇인가요?,이터널 매그넘,2,8
512,카인의 주요 무기는 무엇인가요?,제네시스 브레스 슈터,1,8
513,카인의 보조 무기는 무엇인가요?,커스텀 웨폰 벨트,2,8
514,렌의 주요 무기는 무엇인가요?,제네시스 창세검,1,8
515,렌의 보조 무기는 무엇인가요?,자색 여의보주,2,8
516,드론의 공격력은?,5,1,4
517,드론의 공격력 3업시 공격력은?,5,1,4
518,드론의 방어력은?,0,1,4
519,드론의 이동속도는?,3.15,1,4
520,드론의 공격속도는?,0.62,1,4
521,오버로드의 방어력은?,0,1,4
522,오버로드의 이동속도는?,3,1,4
523,저글링의 공격력은?,5,1,4
524,저글링의 공격력 3업시 공격력은?,8,1,4
525,저글링의 방어력은?,0,1,4
526,저글링의 이동속도는?,5.49,1,4
527,저글링의 공격속도는?,0.33,1,4
528,히드라리스크의 공격력은?,10,1,4
529,히드라리스크의 공격력 3업시 공격력은?,13,1,4
530,히드라리스크의 방어력은?,0,1,4
531,히드라리스크의 이동속도는?,3.66,1,4
532,히드라리스크의 공격속도는?,0.62,1,4
533,러커의 공격력은?,20,1,4
534,러커의 공격력 3업시 공격력은?,26,1,4
535,러커의 방어력은?,0,1,4
536,러커의 이동속도는?,0.72,1,4
537,러커의 공격속도는?,0.92,1,4
538,뮤탈리스크의 공격력은?,9,1,4
539,뮤탈리스크의 공격력 3업시 공격력은?,12,1,4
540,뮤탈리스크의 방어력은?,0,1,4
541,뮤탈리스크의 이동속도는?,4.57,1,4
542,뮤탈리스크의 공격속도는?,1.25,1,4
543,스커지의 공격력은?,110,1,4
544,스커지의 공격력 3업시 공격력은?,110,1,4
545,스커지의 방어력은?,0,1,4
546,스커지의 이동속도는?,6.6,1,4
547,스커지의 공격속도는?,1.25,1,4
548,울트라리스크의 공격력은?,20,1,4
549,울트라리스크의 공격력 3업시 공격력은?,26,1,4
550,울트라리스크의 방어력은?,1,1,4
551,울트라리스크의 이동속도는?,4.57,1,4
552,울트라리스크의 공격속도는?,0.62,1,4
553,디파일러의 방어력은?,1,1,4
554,디파일러의 이동속도는?,3.66,1,4
555,퀸의 방어력은?,1,1,4
556,퀸의 이동속도는?,3.66,1,4
557,퀸의 공격속도는?,1.25,1,4
558,가디언의 공격력은?,20,1,4
559,가디언의 공격력 3업시 공격력은?,26,1,4
560,가디언의 방어력은?,1,1,4
561,가디언의 이동속도는?,4.57,1,4
562,가디언의 공격속도는?,0.62,1,4
563,SCV의 공격력은?,5,1,4
564,SCV의 공격력 3업시 공격력은?,8,1,4
565,SCV의 방어력은?,0,1,4
566,SCV의 이동속도는?,3.15,1,4
567,SCV의 공격속도는?,0.62,1,4
568,마린의 공격력은?,6,1,4
569,마린의 공격력 3업시 공격력은?,9,1,4
570,마린의 방어력은?,0,1,4
571,마린의 이동속도는?,4,1,4
572,마린의 공격속도는?,0.62,1,4
573,파이어뱃의 공격력은?,16,1,4
574,파이어뱃의 공격력 3업시 공격력은?,22,1,4
575,파이어뱃의 방어력은?,1,1,4
576,파이어뱃의 이동속도는?,4,1,4
577,파이어뱃의 공격속도는?,0.92,1,4
578,고스트의 공격력은?,10,1,4
579,고스트의 공격력 3업시 공격력은?,13,1,4
580,고스트의 방어력은?,0,1,4
581,고스트의 이동속도는?,4,1,4
582,고스트의 공격속도는?,0.92,1,4
583,메딕의 방어력은?,1,1,4
584,메딕의 이동속도는?,4,1,4
585,벌처의 공격력은?,20,1,4
586,벌처의 공격력 3업시 공격력은?,26,1,4
587,벌처의 방어력은?,0,1,4
588,벌처의 이동속도는?,6.4,1,4
589,벌처의 공격속도는?,0.92,1,4
590,시즈탱크(탱크모드)의 공격력은?,30,1,4
591,시즈탱크(탱크모드)의 공격력 3업시 공격력은?,39,1,4
592,시즈탱크(탱크모드)의 방어력은?,1,1,4
593,시즈탱크(탱크모드)의 이동속도는?,3,1,4
594,시즈탱크(탱크모드)의 공격속도는?,0.92,1,4
595,시즈탱크(시즈모드)의 공격력은?,70,1,4
596,시즈탱크(시즈모드)의 공격력 3업시 공격력은?,85,1,4
597,시즈탱크(시즈모드)의 방어력은?,1,1,4
598,시즈탱크(시즈모드)의 공격속도는?,1.54,1,4
599,골리앗의 지상공격력은?,12,1,4
600,골리앗의 공격력 3업시 지상공격력은?,15,1,4
601,골리앗의 공중공격력은?,20,1,4
602,골리앗의 공격력 3업시 공중공격력은?,32,1,4
603,골리앗의 방어력은?,1,1,4
604,골리앗의 이동속도는?,4.57,1,4
605,골리앗의 공격속도는?,0.92,1,4
606,레이스의 지상 공격력은?,8,1,4
607,레이스의 공격력 3업시 지상 공격력은?,11,1,4
608,레이스의 공중 공격력은?,20,1,4
609,레이스의 공격력 3업시 공중 공격력은?,26,1,4
610,레이스의 방어력은?,1,1,4
611,레이스의 이동속도는?,4,1,4
612,레이스의 공격속도는?,1.25,1,4
613,발키리의 공격력은?,6,1,4
614,발키리의 공격력 3업시 공격력은?,9,1,4
615,발키리의 방어력은?,2,1,4
616,발키리의 이동속도는?,3.75,1,4
617,발키리의 공격속도는?,2.67,1,4
618,드랍쉽의 방어력은?,0,1,4
619,드랍쉽의 이동속도는?,4,1,4
620,사이언스 베슬의 방어력은?,1,1,4
621,사이언스 베슬의 이동속도는?,4,1,4
622,배틀크루저의 공격력은?,25,1,4
623,배틀크루저의 공격력 3업시 공격력은?,34,1,4
624,배틀크루저의 방어력은?,3,1,4
625,배틀크루저의 이동속도는?,3,1,4
626,배틀크루저의 공격속도는?,0.92,1,4
627,프로브의 공격력은?,5,1,4
628,프로브의 공격력 3업시 공격력은?,5,1,4
629,프로브의 방어력은?,0,1,4
630,프로브의 이동속도는?,3.15,1,4
631,프로브의 공격속도는?,0.62,1,4
632,질럿의 공격력은?,16,1,4
633,질럿의 공격력 3업시 공격력은?,22,1,4
634,질럿의 방어력은?,1,1,4
635,질럿의 이동속도는?,4.57,1,4
636,질럿의 공격속도는?,0.92,1,4
637,드라군의 공격력은?,20,1,4
638,드라군의 공격력 3업시 공격력은?,26,1,4
639,드라군의 방어력은?,1,1,4
640,드라군의 이동속도는?,3.05,1,4
641,드라군의 공격속도는?,1.25,1,4
642,다크템플러의 공격력은?,40,1,4
643,다크템플러의 공격력 3업시 공격력은?,43,1,4
644,다크템플러의 방어력은?,1,1,4
645,다크템플러의 이동속도는?,4.57,1,4
646,다크템플러의 공격속도는?,1.25,1,4
647,하이템플러의 방어력은?,0,1,4
648,하이템플러의 이동속도는?,3.05,1,4
649,아칸의 공격력은?,30,1,4
650,아칸의 공격력 3업시 공격력은?,39,1,4
651,아칸의 방어력은?,0,1,4
652,아칸의 이동속도는?,3.05,1,4
653,아칸의 공격속도는?,0.62,1,4
654,옵저버의 방어력은?,1,1,4
655,옵저버의 이동속도는?,4.57,1,4
656,셔틀의 공격력은?,0,1,4
657,셔틀의 공격력 3업시 공격력은?,0,1,4
658,셔틀의 방어력은?,0,1,4
659,셔틀의 이동속도는?,4.57,1,4
660,셔틀의 공격속도는?,0,1,4
661,리버의 공격력은?,100,1,4
662,리버의 공격력 3업시 공격력은?,100,1,4
663,리버의 방어력은?,0,1,4
664,리버의 이동속도는?,2.49,1,4
665,리버의 공격속도는?,2.5,1,4
666,스카웃의 공격력은?,8,1,4
667,스카웃의 공격력 3업시 지상공격력은?,11,1,4
668,스카웃의 공중공격력은?,28,1,4
669,스카웃의 공격력 3업시 공중공격력은?,34,1,4
670,스카웃의 방어력은?,1,1,4
671,스카웃의 이동속도는?,4.57,1,4
672,스카웃의 공격속도는?,0.92,1,4
673,캐리어의 공격력은?,48,1,4
674,캐리어의 공격력 3업시 공격력은?,72,1,4
675,캐리어의 방어력은?,1,1,4
676,캐리어의 이동속도는?,3.05,1,4
677,캐리어의 공격속도는?,1.88,1,4
678,커세어의 공격력은?,6,1,4
679,커세어의 공격력 3업시 공격력은?,9,1,4
680,커세어의 방어력은?,1,1,4
681,커세어의 이동속도는?,4.57,1,4
682,커세어의 공격속도는?,0.92,1,4
683,진저웨일 스승의 이름은?,샨디,1,9
684,패자의 검을 사용하는 에스더의 이름은?,실리안,1,9
685,나히니르 검을 사용하는 에스더의 이름은?,카단,1,9
686,라제니스인 에스더의 이름은?,니나브,1,9
687,루테란의 초대 왕의 이름은?,루테란,1,9
688,페이튼에 아크를 숨긴 사람의 이름은?,시엔,2,9
689,피요르긴을 사용하는 에스더의 이름은?,바훈투르,1,9
690,바훈투르의 조상인 에스더의 이름은?,갈라투르,1,9
691,니나브 소꿉친구의 이름은?,아자키엘,2,9
692,아만 어머니의 이름은?,클라우디아,1,9
693,로스트아크의 정체는?,아만,1,9
694,"에피소드 카단에 등장하는 이스테르 섬에서 살았고, 카단을 좋아하는 아이 이름은?",신디,2,9
695,로스트아크에서 최초의 가디언 연구가는?,갤라드,2,9
696,카양겔 레이드의 보스는?,라우리엘,1,9
697,트리시온에 있는 라제니스의 이름은?,베아트리스,1,9
698,아크의 계승자는 누구인가요?,나(모험가),1,9
699,혼돈의 신의 이름은?,이그하람,2,9
700,질서의 신의 이름은?,루페온,1,9
701,명예의 신의 이름은?,프로키온,2,9
702,지혜의 신의 이름은?,크라테르,2,9
703,불의 신의 이름은?,안타레스,2,9
704,생명의 신의 이름은?,알데바란,2,9
705,대지의 신의 이름은?,아크투르스,2,9
706,빙결의 신의 이름은?,시리우스,2,9
707,조화의 신의 이름은?,기에나,2,9
708,최초의 군단장 레이드의 보스는?,발탄,1,10
709,광기군단장의 이름은?,쿠크세이튼,1,10
710,몽환군단장의 이름은?,아브렐슈드,1,10
711,어둠군단장의 이름은?,카멘,1,10
712,질병군단장의 이름은?,일리아칸,1,10
713,초대 욕망군단장의 이름은?,에키드나,1,10
714,두번째 군단장레이드의 보스는?,비아키스,1,10
715,심연의 군주이자 죽음의 신의 이름은?,카제로스,1,10
716,카제로스레이드 1막 최종보스의 이름은?,에기르,1,10
717,카제로스레이드 2막 1관문의 보스 이름은?,나로크,1,10
718,카제로스레이드 3막 최종보스의 이름은?,모르둠,1,10
719,카제로스레이드 4막 최종보스이자 카제로스를 지키는 최후의 수문장의 이름은?,아르모체,1,10
720,프롤로그 초반에 만나는 세이크리아 교단의 사제 모피어스의 정체는?,카마인,2,10
721,루테란 지역의 귀환지점은?,루테란 성,1,11
722,루테란 지역의 항구도시는?,갈기파도항구,1,11
723,베른 지역의 귀한지점은?,베른 성,1,11
724,베른 지역의 항구도시는?,크로나항구,1,11
725,엘가시아의 귀환지점은?,아리안오브,1,11
726,쿠르잔의 귀환지역은?,엘네아드,1,11
727,쿠르잔의 항구도시는?,"저주받은땅,베스페르",1,11
728,아르데타인의 귀환지점은?,슈테른,1,11
729,아르데타인의 항구도시는?,메마른통로,1,11
730,필드보스 세베크아툰이 출현하는 지역의 이름은?,아비도스주둔지,1,11
731,베아트리스가 있는 곳의 이름은?,트리시온,1,11
732,로헨델의 귀환지점은?,로아룬,1,11
733,로헨델의 항구도시는?,은빛물결호수,1,11
734,욘의 귀환지점은?,위대한성,1,11
735,욘의 항구도시는?,시작의땅,1,11
736,페이튼의 귀환지점은?,칼라자마을,1,11
737,페이튼의 항구도시는?,이름없는협곡,1,11
738,파푸니카의 귀환지점은?,니아마을,1,11
739,파푸니카의 항구도시는?,얕은바닷길,1,11
740,볼다이크의 대표지역은?,칼리나리,1,11
741,림레이크남섬의 항구지역은?,얀의길,1,11
742,림레이크남섬의 귀환지점은?,샤,1,11
743,방어구 강화에서만 필요한 재료는?,수호석,1,12
744,무기 강화에서만 필요한 재료는?,파괴석,1,12
745,3티어 강화재련에 필요한 파편은?,명예의파편,1,12
746,4티어 강화재련에 필요한 파편은?,운명의파편,1,12
747,2티어 강화재련에 필요한 파편은?,조화의파편,1,12
748,골드를 사용하여 무기와 방어구 품질을 업그레이드 할 때 필요한 재료는?,혼돈의돌,1,12
749,아크패시브의 랭크를 올리기 위해서 필요한 재료는?,카르마,2,12
750,혼돈의 상아탑에서 얻은 후 방어구에 연성시켜 능력치를 부여할 수 있는 재료는?,엘릭서,1,12
751,방어구 초월을 하기 위해서 필요한 재료는?,어둠의불,1,12
752,무기 초월을 하기 위해서 필요한 재료는?,베히모스의비늘,1,12
753,초월 복원을 위해 필요한 재료는?,고대마력석,2,12
754,에스더 무기 제작에 필요한 재료는?,에스더의기운,1,12
755,카드강화에 필요한 재료는?,카드경험치,1,12
756,도화가의 카운터 스킬이름은?,올려치기,1,13
757,브레이커의 카운터 스킬이름은?,비뢰격,1,13
758,소서리스의 카운터 스킬이름은?,돌풍,1,13
759,데모닉의 카운터 스킬이름은?,라이징클로,1,13
760,바드의 카운터 스킬이름은?,리듬벅샷,1,13
761,슬레이어의 카운터 스킬이름은?,와일드스톰프,1,13
762,소울이터의 카운터 스킬이름은?,글러트니,1,13
763,블래스터의 카운터 스킬이름은?,전방포격,1,13
764,아르카나의 카운터 스킬이름은?,세렌디피티,1,13
765,버서커의 카운터 스킬이름은?,체인소드,1,13
766,디스트로이어의 카운터 스킬이름은?,드레드노트,1,13
767,워로드의 카운터 스킬이름은?,대쉬어퍼파이어,1,13
768,홀리나이트의 카운터 스킬이름은?,집행자의검,1,13
769,발키리의 카운터 스킬이름은?,간파베기,1,13
770,배틀마스터의 카운터 스킬이름은?,붕천퇴,1,13
771,인파이터의 카운터 스킬이름은?,일망타진,1,13
772,기공사의 카운터 스킬이름은?,회선격추,1,13
773,창술사의 카운터 스킬이름은?,철량추,1,13
774,데빌헌터의 카운터 스킬이름은?,최후의만찬,1,13
775,호크아이의 카운터 스킬이름은?,호크아이,1,13
776,스카우터의 카운터 스킬이름은?,백플립스트라이크,1,13
777,건슬링어만의 카운터 스킬이름은?,피스키퍼,1,13
778,서머너의 카운터 스킬이름은?,방출된의지,1,13
779,블레이드의 카운터 스킬이름은?,어스슬래쉬,1,13
780,리퍼의 카운터 스킬이름은?,쉐도우트랩,1,13
781,기상술사의 카운터 스킬이름은?,펼치기,1,13
782,환수사의 카운터 스킬이름은?,할퀴기,1,13
783,브레이커의 무력화가 가장 강한 스킬은?,파천섬광,1,13
784,소서리스의 무력화가 가장 강한 스킬은?,천벌,1,13
785,도화가의 무력화가 강한 스킬은?,흩뿌리기,1,13
786,바드의 무력화가 가장 강한 스킬은?,사운드홀릭,1,13
787,버서커의 초각성스킬의 이름은?,블러드슬래시,1,13
788,디스트로이어의 초각성스킬의 이름은?,슈퍼노바,1,13
789,워로드의 초각성스킬의 이름은?,실드대시,1,13
790,홀리나이트의 초각성스킬의 이름은?,신성한 정의,1,13
791,발기리의 초각성스킬의 이름은?,개벽,1,13
792,인파이터의 초각성스킬의 이름은?,열혈폭격,1,13
793,스트라이커의 초각성스킬의 이름은?,오의:청염각,1,13
794,브레이커의 초각성스킬의 이름은?,성운멸쇄권,1,13
795,데빌헌터의 초각성스킬의 이름은?,둠스데이,1,13
796,블래스터의 초각성스킬의 이름은?,포격:스틸레인,1,13
797,호크아이의 초각성스킬의 이름은?,락온,1,13
798,건슬링어의 초각성스킬의 이름은?,프리즌불릿,1,13
799,아르카나의 초각성스킬의 이름은?,더 썬,1,13
800,바드의 초각성스킬의 이름은?,아리아,1,13
801,소서리스의 초각성스킬의 이름은?,라바블래스트,1,13
802,블레이드의 초각성스킬의 이름은?,데스슬래쉬,1,13
803,소울이터의 초각성스킬의 이름은?,프랜지사이드,1,13
804,도화가의 초각성스킬의 이름은?,묵법:미르새김,1,13
805,기상술사의 초각성스킬의 이름은?,우레바람,1,13
806,환수사의 초각성스킬의 이름은?,한방곰,1,13
807,빛의 가디언 수장의 이름은?,에버그레이스,1,14
808,1680레벨에 갈 수 있는 최상위 가디언은?,스콜라키아,1,14
809,1640레벨에 갈 수 있는 최상위 가디언은?,아게오로스,1,14
810,쿠르잔 필드보스의 이름은?,세베크아툰,1,14
811,낙원의문을 수호하고 있는 가디언은?,아르카디아,1,14
812,사슬전쟁이후 상처를 입고 애니츠에 정착한 가디언은?,루,2,14
813,혼돈의 가디언 수장의 이름은?,바르칸,1,14
814,상아탑던전의 2관문 보스의 이름은?,라카이서스,1,14
815,바르칸의 휘하 가디언이자 카단이 쓰러트린 가디언,베히모스,1,14
816,하얀순록의 모습이며 태양과 달의 힘을 다루는 가디언,아르고스,2,14
817,볼다이크 스토리의 최종보스이자 상아탑의 최종보스,라자람,1,14
818,탐식의 왕'이라는 이명을 가지고 있으며 가디언을 잡아먹어 흡수하여 해당 가디언의 능력을 복제하는 가디언,나이트레아,1,14
819,섬의마음을 가장 얻기 어려운 섬은?,갈망의섬,2,15
820,도서관이 있는 섬은?,지혜의섬,1,15
821,거대한 크루즈선이자 휴양지인 섬,해상낙원페이토,1,15
822,니나브와 호감도를 쌓기위해 가야하는 섬,속삭이는작은섬,1,15
823,스텔라를 잡아 붉은실타래를 얻을 수 있는 섬,비탄의섬,1,15
824,눈싸움을 할 수 있는 섬,스노우팡아일랜드,1,15
825,프랭크와 레나가 사는 섬으로 피아노 선율을 연주해 죽은 영혼들을 인도하는 ost가 있는 섬,별빛등대의섬,1,15
826,선박 중 가장빠른 아스트레이를 제조할 수 있는 섬,검은이빨의주둔지,1,15
827,낚시를 해서 황금붕어를 낚을 수 있는 섬,기회의섬,2,15
828,필드보스 두키왕이 출현하는 섬,두키섬,1,15
829,택배회사가 있는 섬,로팡섬,1,15
